Date,Open,High,Low,Close,Adj Close,Volume
2024-08-06,256.57,261.36,255.53,259.89,259.89,4205042.0
2024-08-05,251.21,258.33,251.0,255.18,255.18,8463400.0
2024-08-02,264.5,264.77,260.69,262.9,262.9,4744200.0
2024-08-01,273.25,274.51,266.61,268.3,268.3,3767300.0
2024-07-31,271.94,274.29,271.1,272.57,272.57,2541500.0
2024-07-30,270.5,271.15,266.87,268.59,268.59,2174100.0
2024-07-29,270.73,271.08,268.77,269.71,269.71,2814400.0
2024-07-26,268.64,270.99,268.25,269.69,269.69,2757900.0
2024-07-25,267.7,271.07,265.95,266.5,266.5,3237800.0
2024-07-24,271.34,271.61,267.08,267.53,267.53,3050700.0
2024-07-23,273.87,275.14,273.56,273.69,273.69,2229500.0
2024-07-22,272.78,274.15,271.9,273.89,273.89,2527300.0
2024-07-19,272.56,273.33,270.5,271.06,271.06,2414200.0
2024-07-18,276.0,276.55,271.65,272.76,272.76,2904200.0
2024-07-17,276.24,277.27,274.99,275.16,275.16,3346100.0
2024-07-16,277.6,279.21,277.4,279.1,279.1,3261100.0
2024-07-15,276.8,278.3,275.88,276.82,276.82,3386100.0
2024-07-12,274.35,277.36,274.34,275.64,275.64,2729500.0
2024-07-11,275.75,276.26,273.44,273.83,273.83,3598000.0
2024-07-10,273.21,275.21,272.85,275.06,275.06,1992600.0
2024-07-09,272.82,273.18,272.31,272.42,272.42,2702100.0
2024-07-08,272.65,272.92,271.91,272.49,272.49,2335000.0
2024-07-05,270.82,272.26,270.4,272.12,272.12,4237500.0
2024-07-03,269.61,270.9,269.61,270.71,270.71,1948500.0
2024-07-02,267.46,269.63,267.25,269.6,269.6,4207800.0
2024-07-01,268.49,268.49,266.73,268.05,268.05,2881000.0
2024-06-28,269.37,270.41,266.95,267.51,267.51,2822800.0
2024-06-27,268.62,269.59,268.49,269.38,268.43,2655400.0
2024-06-26,267.98,269.1,267.63,268.73,267.78,1857500.0
2024-06-25,268.37,268.74,267.49,268.74,267.79,2074800.0
2024-06-24,268.34,269.78,267.78,267.86,266.91,2226500.0
2024-06-21,268.42,268.81,267.46,268.31,267.36,2679400.0
2024-06-20,269.94,270.19,267.75,268.72,267.77,3168600.0
2024-06-18,268.86,269.54,268.66,269.4,268.45,2024300.0
2024-06-17,266.41,269.4,266.04,268.72,267.77,2452000.0
2024-06-14,265.86,266.69,265.24,266.69,265.75,2205600.0
2024-06-13,267.47,267.8,265.5,266.89,265.95,2285200.0
2024-06-12,267.09,268.21,266.21,266.77,265.83,2762600.0
2024-06-11,263.0,264.35,261.88,264.28,263.35,3017300.0
2024-06-10,262.33,264.0,262.2,263.83,262.9,2142700.0
2024-06-07,262.89,264.3,262.25,262.95,262.02,1838900.0
2024-06-06,263.65,263.96,262.6,263.45,262.52,2190200.0
2024-06-05,261.8,263.68,260.7,263.68,262.75,2384000.0
2024-06-04,259.84,260.89,258.95,260.49,259.57,2489800.0
2024-06-03,261.66,261.66,258.08,260.52,259.6,6203400.0
2024-05-31,259.0,260.6,256.25,260.44,259.52,3407400.0
2024-05-30,259.28,259.62,257.75,258.45,257.54,3031200.0
2024-05-29,259.62,260.37,259.43,259.72,258.8,3179000.0
2024-05-28,262.47,262.47,260.49,261.87,260.94,3078100.0
2024-05-24,261.04,262.21,260.45,261.87,260.94,3122900.0
2024-05-23,263.86,263.92,259.43,259.99,259.07,6603000.0
2024-05-22,262.86,263.07,261.13,262.22,261.29,2356600.0
2024-05-21,262.2,263.16,262.13,263.11,262.18,2241900.0
2024-05-20,262.43,263.36,262.21,262.57,261.64,2366100.0
2024-05-17,262.15,262.3,261.24,262.3,261.37,2208700.0
2024-05-16,262.68,263.28,261.86,261.93,261.0,2445000.0
2024-05-15,260.85,262.73,260.44,262.64,261.71,2508700.0
2024-05-14,258.23,259.67,258.08,259.45,258.53,2466800.0
2024-05-13,259.08,259.08,257.56,258.19,257.28,1948400.0
2024-05-10,258.67,259.03,257.45,258.05,257.14,1922500.0
2024-05-09,256.3,257.88,256.0,257.81,256.9,2418700.0
2024-05-08,255.48,256.55,255.33,256.3,255.39,2600100.0
2024-05-07,256.59,257.17,256.14,256.48,255.57,1829900.0
2024-05-06,254.8,256.25,254.62,256.25,255.34,2811500.0
2024-05-03,253.6,254.4,252.2,253.53,252.63,2350200.0
2024-05-02,250.13,250.92,247.61,250.56,249.67,2580200.0
2024-05-01,248.46,251.98,247.6,247.99,247.11,3509500.0
2024-04-30,251.94,252.33,248.56,248.61,247.73,2502700.0
2024-04-29,252.75,253.12,251.35,252.77,251.88,2086000.0
2024-04-26,250.86,252.54,250.44,251.78,250.89,3238100.0
2024-04-25,247.31,249.89,246.43,249.46,248.58,2473300.0
2024-04-24,251.21,251.51,249.3,250.65,249.76,2285900.0
2024-04-23,248.57,250.95,248.27,250.59,249.7,2399000.0
2024-04-22,246.59,248.88,245.38,247.64,246.76,3112000.0
2024-04-19,247.07,247.69,244.57,245.23,244.36,3467600.0
2024-04-18,248.32,249.53,246.65,247.17,246.3,2991700.0
2024-04-17,250.44,250.93,246.98,247.68,246.8,2861400.0
2024-04-16,249.89,250.65,248.47,249.14,248.26,3466800.0
2024-04-15,255.0,255.21,249.26,249.89,249.01,4804300.0
2024-04-12,255.27,255.64,252.16,253.0,252.11,3571000.0
2024-04-11,255.75,257.43,253.88,256.7,255.79,3434200.0
2024-04-10,254.72,256.04,253.92,254.97,254.07,3348900.0
2024-04-09,258.35,258.5,255.4,257.85,256.94,2944100.0
2024-04-08,257.8,258.14,257.1,257.48,256.57,3223800.0
2024-04-05,255.11,258.2,255.0,257.18,256.27,4177700.0
2024-04-04,259.65,259.99,254.44,254.61,253.71,3121300.0
2024-04-03,256.73,258.44,256.66,257.7,256.79,3241600.0
2024-04-02,257.5,257.5,256.19,257.3,256.39,3213400.0
2024-04-01,260.32,260.38,258.68,259.7,258.78,3292300.0
2024-03-28,259.8,260.58,259.76,259.9,258.98,2669100.0
2024-03-27,259.13,259.85,258.01,259.73,258.81,4030200.0
2024-03-26,258.8,258.83,257.28,257.46,256.55,2591500.0
2024-03-25,258.1,258.49,257.79,257.92,257.01,2714400.0
2024-03-22,259.19,259.45,258.34,258.5,257.59,2463200.0
2024-03-21,260.65,261.07,260.04,260.14,258.31,3723200.0
2024-03-20,256.46,259.2,256.19,259.07,257.25,2480800.0
2024-03-19,254.43,256.55,254.17,256.47,254.67,2900200.0
2024-03-18,255.58,256.21,254.81,255.0,253.21,3455400.0
2024-03-15,253.6,254.65,252.7,253.71,251.93,3216100.0
2024-03-14,256.69,256.87,253.72,255.22,253.43,3664100.0
2024-03-13,256.57,256.87,255.47,256.21,254.41,2667400.0
2024-03-12,254.99,256.74,253.65,256.53,254.73,4380100.0
2024-03-11,253.89,254.35,252.7,254.02,252.24,3038700.0
2024-03-08,256.42,257.71,254.04,254.43,252.64,3671100.0
2024-03-07,255.0,256.37,254.65,255.91,254.11,2940900.0
2024-03-06,253.87,254.51,252.68,253.44,251.66,2501700.0
2024-03-05,253.68,253.86,250.91,251.95,250.18,3134800.0
2024-03-04,254.78,255.58,254.53,254.65,252.86,4966800.0
2024-03-01,253.04,255.07,252.68,254.9,253.11,3691300.0
2024-02-29,252.68,253.3,251.12,252.58,250.81,2610400.0
2024-02-28,251.1,251.96,250.97,251.52,249.75,2192200.0
2024-02-27,251.79,252.1,250.95,251.94,250.17,2024600.0
2024-02-26,252.02,252.44,251.2,251.24,249.48,2585800.0
2024-02-23,252.46,252.92,251.53,252.0,250.23,2856000.0
2024-02-22,249.96,252.21,249.61,251.83,250.06,3873000.0
2024-02-21,246.05,246.99,245.13,246.95,245.22,2174900.0
2024-02-20,247.55,247.75,245.76,246.9,245.17,3445100.0
2024-02-16,249.61,250.23,248.1,248.46,246.71,2907800.0
2024-02-15,248.34,249.94,248.02,249.77,248.02,3181900.0
2024-02-14,246.87,248.03,245.61,247.86,246.12,2606900.0
2024-02-13,245.61,246.32,243.35,245.15,243.43,5832600.0
2024-02-12,249.04,250.34,248.72,249.14,247.39,2769700.0
2024-02-09,247.75,249.15,247.51,248.9,247.15,2367700.0
2024-02-08,246.81,247.47,246.51,247.39,245.65,2668200.0
2024-02-07,246.0,247.09,245.39,246.78,245.05,2305700.0
2024-02-06,244.48,245.02,243.9,244.85,243.13,2568400.0
2024-02-05,244.83,244.99,242.74,244.02,242.31,3324800.0
2024-02-02,242.96,246.01,242.69,245.18,243.46,3875800.0
2024-02-01,240.9,243.1,240.04,243.1,241.39,3986800.0
2024-01-31,242.84,243.24,239.86,239.87,238.19,3884500.0
2024-01-30,244.07,244.33,243.57,243.98,242.27,3098900.0
2024-01-29,242.34,244.34,242.13,244.32,242.6,3463400.0
2024-01-26,242.31,243.02,241.73,242.12,240.42,2858200.0
2024-01-25,242.19,242.56,241.07,242.32,240.62,2993900.0
2024-01-24,242.66,242.87,240.85,240.98,239.29,3003000.0
2024-01-23,241.02,241.17,240.06,241.02,239.33,3015300.0
2024-01-22,240.54,241.4,240.05,240.58,238.89,3952700.0
2024-01-19,237.38,239.74,236.76,239.54,237.86,3850100.0
2024-01-18,235.64,236.96,234.62,236.66,235.0,3509900.0
2024-01-17,234.41,234.87,233.43,234.59,232.94,3336600.0
2024-01-16,236.29,236.91,235.1,236.01,234.35,3646700.0
2024-01-12,237.98,238.37,236.42,237.11,235.44,3049500.0
2024-01-11,237.52,237.86,234.92,237.07,235.4,3375600.0
2024-01-10,236.12,237.66,235.79,237.23,235.56,3343400.0
2024-01-09,235.15,236.56,234.74,236.01,234.35,4524800.0
2024-01-08,233.27,236.56,233.26,236.45,234.79,4156600.0
2024-01-05,232.7,234.39,232.4,233.12,231.48,3305100.0
2024-01-04,233.26,234.55,232.66,232.77,231.14,3681900.0
2024-01-03,234.53,234.74,233.11,233.37,231.73,3925500.0
2024-01-02,235.65,236.51,234.77,235.63,233.98,4847600.0
2023-12-29,238.14,238.47,236.48,237.22,235.55,4187500.0
2023-12-28,238.25,238.74,238.13,238.13,236.46,4099400.0
2023-12-27,238.0,238.44,237.47,238.25,236.58,5103700.0
2023-12-26,236.98,238.31,236.86,237.8,236.13,3829400.0
2023-12-22,236.59,237.52,235.64,236.63,234.97,3661900.0
2023-12-21,235.08,236.17,234.06,236.09,234.43,4427000.0
2023-12-20,237.74,238.69,234.44,234.51,231.87,5149700.0
2023-12-19,236.72,238.1,236.72,238.06,235.38,3731700.0
2023-12-18,235.86,236.82,235.82,236.33,233.67,3855100.0
2023-12-15,234.79,235.94,234.63,235.31,232.66,4297900.0
2023-12-14,235.66,236.58,234.19,235.63,232.98,5014500.0
2023-12-13,230.77,234.43,230.55,234.24,231.6,4231100.0
2023-12-12,229.59,230.78,228.96,230.66,228.06,3214900.0
2023-12-11,228.69,229.83,228.51,229.79,227.2,3076600.0
2023-12-08,227.36,229.09,227.27,228.85,226.27,2741500.0
2023-12-07,226.99,228.05,226.71,227.76,225.19,2724300.0
2023-12-06,227.89,228.16,225.88,225.95,223.4,3172900.0
2023-12-05,226.58,227.45,226.21,226.91,224.35,3019000.0
2023-12-04,226.58,227.43,226.08,227.35,224.79,3837800.0
2023-12-01,225.99,228.33,225.59,228.17,225.6,4074400.0
2023-11-30,225.73,226.39,224.82,226.26,223.71,3148000.0
2023-11-29,226.38,227.19,225.11,225.33,222.79,2653700.0
2023-11-28,224.77,225.91,224.45,225.23,222.69,2761900.0
2023-11-27,225.12,225.53,224.77,225.09,222.55,2410000.0
2023-11-24,225.04,225.44,225.01,225.38,222.84,1219500.0
2023-11-22,224.85,225.76,224.53,225.14,222.6,2880400.0
2023-11-21,224.25,224.43,223.61,224.18,221.65,2513800.0
2023-11-20,223.11,225.25,223.0,224.79,222.26,2875600.0
2023-11-17,222.87,223.44,222.42,223.11,220.6,3123700.0
2023-11-16,222.3,222.88,221.6,222.55,220.04,2754500.0
2023-11-15,222.86,223.8,222.29,222.7,220.19,2819200.0
2023-11-14,220.51,222.78,220.51,222.15,219.65,4055100.0
2023-11-13,216.81,217.86,216.34,217.33,214.88,2829400.0
2023-11-10,215.1,217.61,214.45,217.46,215.01,3303400.0
2023-11-09,216.63,216.78,214.06,214.27,211.86,2771200.0
2023-11-08,216.34,216.72,215.0,216.11,213.68,2813800.0
2023-11-07,215.38,216.5,214.9,216.14,213.7,3194300.0
2023-11-06,215.83,216.07,214.47,215.5,213.07,2915000.0
2023-11-03,214.32,216.2,214.27,215.41,212.98,4216600.0
2023-11-02,210.85,213.11,210.85,213.01,210.61,4111600.0
2023-11-01,207.14,209.22,206.87,208.86,206.51,5789300.0
2023-10-31,205.63,207.0,204.82,206.79,204.46,3325300.0
2023-10-30,204.53,205.98,203.76,205.46,203.15,3562700.0
2023-10-27,205.0,205.11,202.44,203.12,200.83,4290700.0
2023-10-26,205.92,206.36,203.63,204.22,201.92,4133400.0
2023-10-25,208.45,208.54,206.09,206.36,204.04,3454500.0
2023-10-24,209.07,210.21,208.12,209.47,207.11,3180900.0
2023-10-23,207.67,209.97,206.66,207.9,205.56,5473000.0
2023-10-20,210.86,211.05,208.38,208.47,206.12,4446600.0
2023-10-19,213.4,214.35,210.69,211.08,208.7,4322700.0
2023-10-18,215.11,215.63,212.59,213.09,210.69,3255000.0
2023-10-17,214.37,217.38,214.17,216.29,213.85,3627700.0
2023-10-16,214.73,216.46,214.56,216.01,213.58,3361600.0
2023-10-13,215.53,216.01,212.75,213.53,211.12,3267700.0
2023-10-12,216.63,216.72,213.53,214.74,212.32,3244200.0
2023-10-11,216.2,216.63,214.88,216.48,214.04,3033000.0
2023-10-10,214.6,216.95,214.57,215.63,213.2,3494600.0
2023-10-09,211.91,214.65,211.76,214.3,211.89,2869700.0
2023-10-06,209.06,213.78,208.57,212.96,210.56,3666300.0
2023-10-05,210.38,210.86,208.78,210.45,208.08,2679700.0
2023-10-04,209.23,210.89,208.4,210.56,208.19,3045400.0
2023-10-03,211.0,211.69,208.33,209.05,206.69,4389100.0
2023-10-02,212.2,212.85,210.74,212.13,209.74,4358100.0
2023-09-29,214.55,214.67,211.79,212.41,210.02,4435400.0
2023-09-28,211.42,213.87,211.14,213.03,210.63,2952400.0
2023-09-27,212.12,212.46,209.84,211.63,209.25,4407300.0
2023-09-26,213.06,213.43,211.01,211.41,209.03,4371900.0
2023-09-25,213.15,214.5,212.75,214.5,212.08,3440000.0
2023-09-22,214.68,215.3,213.4,213.64,211.23,3261300.0
2023-09-21,216.36,216.42,213.98,214.09,211.68,4190400.0
2023-09-20,221.13,221.49,218.45,218.54,215.29,2448400.0
2023-09-19,220.61,220.87,219.17,220.49,217.21,2977800.0
2023-09-18,220.91,221.69,220.55,221.05,217.76,2259600.0
2023-09-15,222.89,222.92,220.76,221.03,217.74,2638100.0
2023-09-14,222.85,223.98,222.34,223.66,220.33,2002400.0
2023-09-13,221.79,222.3,221.1,221.76,218.46,1990000.0
2023-09-12,222.14,222.97,221.45,221.73,218.43,2448500.0
2023-09-11,222.66,223.04,221.95,222.81,219.5,2087900.0
2023-09-08,221.21,222.18,220.98,221.42,218.13,2244400.0
2023-09-07,220.38,221.5,220.08,221.18,217.89,2964700.0
2023-09-06,222.99,223.18,220.75,221.94,218.64,2473700.0
2023-09-05,224.26,224.64,223.28,223.34,220.02,2531500.0
2023-09-01,225.34,225.78,223.96,224.68,221.34,3047300.0
2023-08-31,224.5,225.18,223.88,223.94,220.61,3044000.0
2023-08-30,223.25,224.5,223.05,224.18,220.84,2420800.0
2023-08-29,219.94,223.32,219.8,223.19,219.87,3160300.0
2023-08-28,219.57,220.32,219.1,219.99,216.72,2364700.0
2023-08-25,217.98,219.24,216.05,218.59,215.34,3631000.0
2023-08-24,220.7,221.14,217.08,217.11,213.88,3099400.0
2023-08-23,218.08,220.4,218.08,220.06,216.79,2560200.0
2023-08-22,219.22,219.22,217.38,217.68,214.44,2892300.0
2023-08-21,217.41,218.68,216.36,218.26,215.01,2755400.0
2023-08-18,215.23,217.56,215.03,217.01,213.78,2931700.0
2023-08-17,219.28,219.5,216.55,216.76,213.54,3135900.0
2023-08-16,220.13,220.96,218.55,218.55,215.3,2933500.0
2023-08-15,222.0,222.24,220.04,220.37,217.09,2997300.0
2023-08-14,221.32,222.92,221.05,222.9,219.58,2435100.0
2023-08-11,221.1,222.41,220.77,221.8,218.5,2219700.0
2023-08-10,223.24,224.88,221.34,222.01,218.71,3033300.0
2023-08-09,223.66,223.69,221.56,221.97,218.67,2203400.0
2023-08-08,223.2,223.77,221.7,223.57,220.24,2796400.0
2023-08-07,223.72,224.71,223.22,224.61,221.27,2376600.0
2023-08-04,224.74,225.84,222.61,222.9,219.58,3023100.0
2023-08-03,223.48,224.77,222.99,223.85,220.52,2925200.0
2023-08-02,225.99,226.14,224.07,224.5,221.16,4239000.0
2023-08-01,227.65,228.0,227.07,227.73,224.34,2809500.0
2023-07-31,228.12,228.56,227.56,228.35,224.95,2658500.0
2023-07-28,227.17,228.03,226.77,227.66,224.27,2257600.0
2023-07-27,228.81,228.97,224.83,225.31,221.96,4730600.0
2023-07-26,226.43,227.77,226.05,227.06,223.68,1985600.0
2023-07-25,226.02,227.6,226.02,226.89,223.51,2084400.0
2023-07-24,226.05,226.71,225.64,226.32,222.95,2291700.0
2023-07-21,226.42,226.54,225.46,225.52,222.17,2296400.0
2023-07-20,226.61,227.01,225.14,225.54,222.18,2651700.0
2023-07-19,227.08,227.76,226.68,227.18,223.8,3106700.0
2023-07-18,224.7,226.92,224.53,226.59,223.22,2949500.0
2023-07-17,223.95,225.36,223.76,224.8,221.46,2688200.0
2023-07-14,224.85,224.86,223.5,223.95,220.62,2911500.0
2023-07-13,223.46,224.64,223.13,224.28,220.94,4113300.0
2023-07-12,222.57,223.1,221.86,222.4,219.09,3030200.0
2023-07-11,219.38,220.93,219.01,220.71,217.43,2158200.0
2023-07-10,217.9,219.03,217.8,218.99,215.73,2080500.0
2023-07-07,217.91,220.08,217.81,218.04,214.8,2771700.0
2023-07-06,218.54,218.54,216.83,218.31,215.06,3404300.0
2023-07-05,220.08,220.61,219.63,220.27,216.99,3341400.0
2023-07-03,220.28,220.94,220.05,220.94,217.65,2423600.0
2023-06-30,219.61,220.86,219.48,220.28,217.0,3443600.0
2023-06-29,216.9,218.1,216.66,218.02,214.78,2857900.0
2023-06-28,216.48,217.51,215.96,216.98,213.75,4362100.0
2023-06-27,214.75,217.11,214.55,216.8,213.57,2653000.0
2023-06-26,214.8,215.82,214.14,214.19,211.0,2846800.0
2023-06-23,215.13,215.89,214.58,214.94,211.74,3327100.0
2023-06-22,216.51,217.59,216.17,217.56,213.51,2669100.0
2023-06-21,217.82,218.08,216.7,216.98,212.94,2713400.0
2023-06-20,218.38,218.67,217.07,218.18,214.12,3156500.0
2023-06-16,221.42,221.42,219.13,219.26,215.18,4762600.0
2023-06-15,216.99,220.71,216.91,220.09,215.99,2895100.0
2023-06-14,217.55,218.53,215.7,217.44,213.39,4131000.0
2023-06-13,216.78,217.77,216.46,217.44,213.39,4295700.0
2023-06-12,214.5,215.86,214.05,215.85,211.83,2479900.0
2023-06-09,214.1,215.08,213.41,213.93,209.95,2084600.0
2023-06-08,212.63,213.97,212.09,213.7,209.72,1943100.0
2023-06-07,213.34,214.12,212.39,212.7,208.74,2272800.0
2023-06-06,212.0,213.37,211.64,213.12,209.15,2227700.0
2023-06-05,212.74,213.36,207.47,212.15,208.2,2249400.0
2023-06-02,210.68,213.09,210.5,212.71,208.75,3017900.0
2023-06-01,207.3,209.8,206.65,209.25,205.35,2696700.0
2023-05-31,207.49,207.98,206.3,207.18,203.32,2325400.0
2023-05-30,209.63,209.68,207.69,208.43,204.55,2772300.0
2023-05-26,206.0,208.72,205.97,208.36,204.48,2347000.0
2023-05-25,205.87,206.33,204.53,205.65,201.82,2230400.0
2023-05-24,205.0,205.13,203.69,204.26,200.46,2083700.0
2023-05-23,207.3,207.99,205.64,205.85,202.02,2386700.0
2023-05-22,207.68,208.81,207.2,208.05,204.18,2229400.0
2023-05-19,208.64,208.84,207.07,207.69,203.82,2683100.0
2023-05-18,206.0,208.37,205.82,208.19,204.31,2370200.0
2023-05-17,204.46,206.45,203.65,206.14,202.3,2650100.0
2023-05-16,204.41,204.81,203.47,203.5,199.71,1884400.0
2023-05-15,204.17,205.38,203.71,205.09,201.27,3240000.0
2023-05-12,205.04,205.28,202.93,204.22,200.42,2252400.0
2023-05-11,204.47,204.7,203.49,204.7,200.89,2108300.0
2023-05-10,205.62,205.94,203.05,204.97,201.15,2677600.0
2023-05-09,204.03,204.63,203.8,204.07,200.27,1802500.0
2023-05-08,204.93,205.1,204.12,204.91,201.09,2632600.0
2023-05-05,202.85,205.27,202.79,204.69,200.88,1941600.0
2023-05-04,201.84,202.02,200.2,200.98,197.24,2577600.0
2023-05-03,203.85,205.49,202.35,202.49,198.72,2154000.0
2023-05-02,205.62,205.9,202.07,203.68,199.89,2700600.0
2023-05-01,206.0,207.18,205.99,206.2,202.36,2838500.0
2023-04-28,204.0,206.3,204.0,206.3,202.46,2308700.0
2023-04-27,201.86,204.69,201.83,204.52,200.71,2254600.0
2023-04-26,202.16,202.51,200.41,200.75,197.01,2762300.0
2023-04-25,204.02,204.23,201.62,201.66,197.9,2606400.0
2023-04-24,204.9,205.44,204.1,205.08,201.26,3704400.0
2023-04-21,204.96,205.24,203.92,205.0,201.18,2341600.0
2023-04-20,204.46,205.77,204.07,204.82,201.01,2563100.0
2023-04-19,205.03,206.48,204.97,206.1,202.26,2531400.0
2023-04-18,206.68,206.83,205.3,206.0,202.16,2784500.0
2023-04-17,205.03,205.91,204.45,205.9,202.07,2780400.0
2023-04-14,205.33,206.5,203.81,205.08,201.26,4142000.0
2023-04-13,203.53,205.8,203.34,205.65,201.82,2197600.0
2023-04-12,205.0,205.26,202.71,203.01,199.23,2431200.0
2023-04-11,203.87,204.64,203.4,203.87,200.07,3389300.0
2023-04-10,202.0,203.68,201.65,203.66,199.87,2545300.0
2023-04-06,202.24,203.34,201.45,203.2,199.42,1989800.0
2023-04-05,202.69,203.16,201.58,202.53,198.76,3119400.0
2023-04-04,205.0,205.06,202.53,203.27,199.48,2881800.0
2023-04-03,203.72,204.99,203.33,204.64,200.83,3068200.0
2023-03-31,201.57,204.19,201.57,204.1,200.3,2986300.0
2023-03-30,201.27,201.59,200.12,201.07,197.33,2259200.0
2023-03-29,199.09,200.09,198.61,199.99,196.27,3486500.0
2023-03-28,197.2,197.65,196.14,197.15,193.48,3678600.0
2023-03-27,198.27,198.6,196.92,197.43,193.75,2425400.0
2023-03-24,194.88,196.97,193.65,196.93,193.26,2324800.0
2023-03-23,196.85,198.95,194.25,195.7,192.06,2629700.0
2023-03-22,199.85,201.41,196.12,196.13,191.71,2187900.0
2023-03-21,198.76,200.05,198.23,199.7,195.2,2421700.0
2023-03-20,195.75,197.38,195.29,196.89,192.45,2898100.0
2023-03-17,197.25,197.43,194.38,195.19,190.79,2902400.0
2023-03-16,193.33,197.91,192.8,197.74,193.28,3224900.0
2023-03-15,192.63,194.4,191.53,194.38,190.0,3855400.0
2023-03-14,195.5,196.95,193.57,195.89,191.47,4473800.0
2023-03-13,190.9,195.16,190.18,192.46,188.12,6253700.0
2023-03-10,196.25,197.0,192.26,193.26,188.9,6310500.0
2023-03-09,200.8,201.75,196.12,196.57,192.14,2974300.0
2023-03-08,200.4,201.0,199.4,200.53,196.01,1985900.0
2023-03-07,203.1,203.47,199.95,200.27,195.75,3346700.0
2023-03-06,203.86,204.98,203.03,203.3,198.71,3812700.0
2023-03-03,201.08,203.7,200.91,203.57,198.98,2484700.0
2023-03-02,197.99,200.8,197.5,200.31,195.79,3364000.0
2023-03-01,199.38,200.0,198.2,200.0,195.49,4176000.0
2023-02-28,200.25,201.08,199.52,199.52,195.02,2299100.0
2023-02-27,201.31,202.03,199.72,200.19,195.67,2850300.0
2023-02-24,199.29,199.93,198.16,199.48,194.98,3020600.0
2023-02-23,202.09,202.46,199.38,201.73,197.18,3440100.0
2023-02-22,201.0,201.96,199.93,200.66,196.13,3011700.0
2023-02-21,203.15,203.5,200.65,200.83,196.3,3110800.0
2023-02-17,204.77,205.23,203.53,205.08,200.45,2324000.0
2023-02-16,205.97,208.02,205.54,205.68,201.04,2458800.0
2023-02-15,206.46,208.5,206.04,208.46,203.76,2001600.0
2023-02-14,206.65,208.66,205.31,207.53,202.85,2743400.0
2023-02-13,205.41,207.5,204.99,207.45,202.77,3467200.0
2023-02-10,204.02,205.18,203.47,205.01,200.39,2159800.0
2023-02-09,208.46,208.61,204.1,204.64,200.02,2705900.0
2023-02-08,207.91,208.71,206.26,206.65,201.99,2945400.0
2023-02-07,206.0,209.56,205.03,208.88,204.17,3028100.0
2023-02-06,206.41,207.07,205.5,206.28,201.63,2841700.0
2023-02-03,207.51,210.18,207.04,207.84,203.15,2854200.0
2023-02-02,209.0,210.88,208.1,210.01,205.27,3730800.0
2023-02-01,203.91,208.32,202.51,206.92,202.25,4385600.0
2023-01-31,201.65,204.49,201.45,204.43,199.82,4827600.0
2023-01-30,202.28,203.61,201.09,201.21,196.67,2992300.0
2023-01-27,202.6,205.05,202.58,203.94,199.34,4521900.0
2023-01-26,202.35,203.28,200.85,203.12,198.54,2806200.0
2023-01-25,198.95,201.2,197.59,201.05,196.52,2802000.0
2023-01-24,200.4,201.46,199.74,200.95,196.42,2679400.0
2023-01-23,199.2,202.16,198.7,201.28,196.74,3438100.0
2023-01-20,195.85,198.81,194.93,198.76,194.28,2429300.0
2023-01-19,195.41,196.24,194.32,195.02,190.62,2282400.0
2023-01-18,200.4,201.09,196.56,196.62,192.19,3890200.0
2023-01-17,200.04,200.88,199.34,199.77,195.26,5426700.0
2023-01-13,197.62,200.27,197.3,200.04,195.53,2798600.0
2023-01-12,198.79,199.8,196.63,199.19,194.7,3552700.0
2023-01-11,196.55,198.25,196.15,198.23,193.76,3435300.0
2023-01-10,193.65,195.65,193.29,195.65,191.24,2963500.0
2023-01-09,195.46,196.89,194.01,194.12,189.74,3888300.0
2023-01-06,191.12,194.64,189.85,194.04,189.66,3184300.0
2023-01-05,191.22,191.27,189.46,189.85,185.57,4150000.0
2023-01-04,191.51,193.06,190.14,192.1,187.77,3852500.0
2023-01-03,192.38,193.36,188.93,190.41,186.12,4092500.0
2022-12-30,190.18,191.27,189.28,191.19,186.88,5979800.0
2022-12-29,189.49,192.16,189.37,191.68,187.36,5425700.0
2022-12-28,190.65,191.5,188.06,188.22,183.97,5711900.0
2022-12-27,191.39,191.52,189.75,190.62,186.32,6037700.0
2022-12-23,190.0,191.44,189.01,191.42,187.1,4214400.0
2022-12-22,191.61,191.68,187.38,190.37,186.08,5153500.0
2022-12-21,192.47,194.65,192.2,194.04,188.75,4973400.0
2022-12-20,190.42,191.97,189.73,191.15,185.94,5637800.0
2022-12-19,192.8,192.92,189.95,190.75,185.55,6433800.0
2022-12-16,193.51,194.22,191.42,192.69,187.44,4755400.0
2022-12-15,197.21,197.71,194.07,194.92,189.61,5537100.0
2022-12-14,200.92,202.72,198.27,199.9,194.45,3331200.0
2022-12-13,205.63,205.63,199.62,201.02,195.54,4191900.0
2022-12-12,197.0,199.53,196.7,199.53,194.09,3931600.0
2022-12-09,197.53,198.83,196.62,196.7,191.34,3784900.0
2022-12-08,197.55,198.92,196.82,198.36,192.96,3982600.0
2022-12-07,196.45,197.97,196.02,196.66,191.3,3438100.0
2022-12-06,199.91,200.05,195.84,196.98,191.61,3901000.0
2022-12-05,202.51,202.96,199.25,199.98,194.53,3840500.0
2022-12-02,201.55,204.48,201.2,203.99,198.43,2917100.0
2022-12-01,204.83,205.47,202.79,204.18,198.62,4354300.0
2022-11-30,198.14,204.1,197.04,204.06,198.5,4201300.0
2022-11-29,198.49,199.06,197.1,197.96,192.57,2640700.0
2022-11-28,199.93,200.76,197.8,198.27,192.87,3365800.0
2022-11-25,201.22,201.83,201.03,201.54,196.05,1289100.0
2022-11-23,200.0,201.76,199.83,201.39,195.9,2685700.0
2022-11-22,198.13,200.29,197.79,200.17,194.72,3390300.0
2022-11-21,197.72,198.21,196.65,197.58,192.2,2961700.0
2022-11-18,199.08,199.41,196.9,198.42,193.01,3039000.0
2022-11-17,195.67,197.9,195.45,197.49,192.11,3704700.0
2022-11-16,199.45,199.72,198.03,198.32,192.92,2905000.0
2022-11-15,201.5,202.14,198.34,200.36,194.9,4606200.0
2022-11-14,199.26,200.92,198.21,198.35,192.95,4248200.0
2022-11-11,198.58,200.7,197.82,200.16,194.71,4550200.0
2022-11-10,194.35,198.31,193.65,198.14,192.74,3981600.0
2022-11-09,190.46,191.04,187.21,187.53,182.42,13959600.0
2022-11-08,191.25,193.31,189.42,191.66,186.44,4847500.0
2022-11-07,189.59,190.97,188.47,190.66,185.47,3420000.0
2022-11-04,189.32,190.3,185.75,188.94,183.79,3586200.0
2022-11-03,186.5,188.09,185.13,186.54,181.46,3935600.0
2022-11-02,193.07,195.27,188.29,188.34,183.21,4686000.0
2022-11-01,196.0,196.44,192.76,193.43,188.16,9873800.0
2022-10-31,193.99,195.17,193.51,194.03,188.74,5053900.0
2022-10-28,190.84,195.53,190.74,195.29,189.97,3178800.0
2022-10-27,192.46,193.47,190.61,190.85,185.65,3556300.0
2022-10-26,191.26,194.64,191.26,191.75,186.53,4091100.0
2022-10-25,189.57,193.16,189.53,192.94,187.68,3287100.0
2022-10-24,188.38,190.12,186.69,189.51,184.35,4527800.0
2022-10-21,182.99,187.78,182.29,187.49,182.38,3381200.0
2022-10-20,184.54,186.99,182.81,183.27,178.28,2636200.0
2022-10-19,185.25,186.64,183.34,184.87,179.83,2589100.0
2022-10-18,188.14,188.7,184.71,186.46,181.38,3906800.0
2022-10-17,182.76,184.81,182.58,184.21,179.19,4025800.0
2022-10-14,185.09,185.99,179.14,179.42,174.53,3798800.0
2022-10-13,176.37,184.55,174.84,183.75,178.74,5626900.0
2022-10-12,180.17,180.73,178.95,179.3,174.42,5016700.0
2022-10-11,180.03,182.47,178.52,179.79,174.89,4419100.0
2022-10-10,182.9,183.2,179.69,180.95,176.02,4304000.0
2022-10-07,185.69,185.83,181.46,182.4,177.43,4780100.0
2022-10-06,188.88,190.46,187.44,187.77,182.65,3784100.0
2022-10-05,187.91,190.69,186.36,189.58,184.42,4548100.0
2022-10-04,187.19,190.07,187.14,189.94,184.77,6212800.0
2022-10-03,181.52,185.02,180.23,184.03,179.02,7321600.0
2022-09-30,181.56,183.71,179.28,179.47,174.58,8431700.0
2022-09-29,184.24,184.31,180.31,181.94,176.98,8241100.0
2022-09-28,182.55,186.7,181.7,185.8,180.74,6929100.0
2022-09-27,184.21,185.4,180.67,181.97,177.01,6910700.0
2022-09-26,183.5,185.48,181.62,182.24,177.28,6603500.0
2022-09-23,185.53,185.87,181.82,184.26,179.24,8249900.0
2022-09-22,190.11,190.51,187.97,188.29,182.39,5279700.0
2022-09-21,194.64,196.41,190.4,190.42,184.45,3060200.0
2022-09-20,194.43,194.75,192.29,193.73,187.66,3244200.0
2022-09-19,192.9,196.08,192.86,196.01,189.86,3346700.0
2022-09-16,194.47,194.86,192.82,194.63,188.53,4966100.0
2022-09-15,197.86,199.37,195.69,196.42,190.26,2491000.0
2022-09-14,198.42,199.2,196.75,198.54,192.31,2793400.0
2022-09-13,201.97,202.55,197.15,197.77,191.57,5190300.0
2022-09-12,205.53,206.99,205.32,206.65,200.17,2736900.0
2022-09-09,202.38,204.85,202.32,204.45,198.04,2953400.0
2022-09-08,198.34,201.18,197.71,201.11,194.8,2971300.0
2022-09-07,195.73,199.94,195.64,199.53,193.27,3032400.0
2022-09-06,197.47,197.67,194.73,195.91,189.77,5382900.0
2022-09-02,200.65,201.36,195.83,196.71,190.54,3810400.0
2022-09-01,197.4,198.89,195.53,198.68,192.45,4555800.0
2022-08-31,200.95,201.56,198.5,198.56,192.33,2911400.0
2022-08-30,202.94,203.13,198.9,200.03,193.76,4799400.0
2022-08-29,202.2,203.95,201.62,202.28,195.94,3529100.0
2022-08-26,210.86,210.92,203.7,203.77,197.38,3550200.0
2022-08-25,208.6,210.82,208.13,210.75,204.14,1874100.0
2022-08-24,206.84,208.52,206.43,207.74,201.23,1790900.0
2022-08-23,207.36,208.58,206.65,206.87,200.38,2856400.0
2022-08-22,209.08,209.44,206.82,207.26,200.76,3142900.0
2022-08-19,213.36,213.47,211.23,211.79,205.15,2555000.0
2022-08-18,214.33,215.28,213.7,214.86,208.12,1640200.0
2022-08-17,214.39,215.78,213.16,214.3,207.58,4007900.0
2022-08-16,215.41,217.2,214.59,216.24,209.46,2835600.0
2022-08-15,213.84,216.08,213.69,215.78,209.01,4479200.0
2022-08-12,212.43,214.99,211.87,214.94,208.2,2366500.0
2022-08-11,212.82,214.04,210.92,211.28,204.66,2835000.0
2022-08-10,210.29,211.42,209.54,211.27,204.65,2878200.0
2022-08-09,207.44,207.57,205.97,206.56,200.08,1829500.0
2022-08-08,208.62,210.17,207.27,207.87,201.35,3024200.0
2022-08-05,205.69,208.08,205.5,207.68,201.17,2758900.0
2022-08-04,207.94,208.25,206.92,207.75,201.24,2261800.0
2022-08-03,205.92,208.53,205.74,207.95,201.43,2827100.0
2022-08-02,205.0,207.04,203.88,204.66,198.24,3020900.0
2022-08-01,204.97,207.04,204.29,205.77,199.32,3531500.0
2022-07-29,204.17,206.78,203.6,206.25,199.78,3342400.0
2022-07-28,201.02,203.73,199.33,203.48,197.1,2670700.0
2022-07-27,197.51,201.72,197.31,200.86,194.56,2902200.0
2022-07-26,197.29,197.33,195.28,195.72,189.58,2918500.0
2022-07-25,198.34,198.6,196.99,198.17,191.96,2997100.0
2022-07-22,200.0,200.8,196.73,197.9,191.69,2717400.0
2022-07-21,197.63,200.07,196.46,200.07,193.8,2929300.0
2022-07-20,196.43,198.75,195.99,198.11,191.9,3332400.0
2022-07-19,193.27,196.72,192.99,196.52,190.36,3287500.0
2022-07-18,194.29,194.77,190.54,191.18,185.19,3974200.0
2022-07-15,191.19,192.55,189.98,192.51,186.47,2914600.0
2022-07-14,187.28,189.19,185.58,188.84,182.92,3355600.0
2022-07-13,187.79,191.09,187.39,189.68,183.73,3322400.0
2022-07-12,192.0,193.24,189.6,190.51,184.54,2640300.0
2022-07-11,193.38,193.75,191.81,192.17,186.14,3033800.0
2022-07-08,194.06,195.7,193.01,194.63,188.53,2799200.0
2022-07-07,192.63,195.22,192.59,194.83,188.72,2919300.0
2022-07-06,191.29,192.9,189.88,191.67,185.66,2981000.0
2022-07-05,188.36,191.31,186.36,191.29,185.29,3986100.0
2022-07-01,188.19,190.87,186.9,190.61,184.63,3223100.0
2022-06-30,188.0,190.31,186.13,188.62,182.71,4250300.0
2022-06-29,190.79,191.18,189.18,190.26,184.29,4155800.0
2022-06-28,195.44,196.85,190.56,190.58,184.6,6012700.0
2022-06-27,195.63,196.01,193.9,194.59,188.49,5950400.0
2022-06-24,190.92,195.22,190.59,195.19,189.07,3856400.0
2022-06-23,188.13,189.57,186.46,189.08,183.15,6675800.0
2022-06-22,185.91,189.95,185.62,188.13,181.51,7321300.0
2022-06-21,186.69,189.03,186.69,188.16,181.53,6103400.0
2022-06-17,183.26,185.41,181.8,183.71,177.24,5252700.0
2022-06-16,185.38,185.68,181.67,183.02,176.58,8225100.0
2022-06-15,188.61,192.13,186.18,189.64,182.96,5011700.0
2022-06-14,188.51,189.05,185.27,186.92,180.34,7045900.0
2022-06-13,190.65,191.18,186.68,187.45,180.85,10468300.0
2022-06-10,198.39,198.39,195.36,195.43,188.55,5703800.0
2022-06-09,205.42,206.33,201.38,201.41,194.32,3061100.0
2022-06-08,207.93,208.7,205.91,206.35,199.08,2187200.0
2022-06-07,204.63,208.88,204.35,208.69,201.34,3350500.0
2022-06-06,208.12,208.79,205.91,206.45,199.18,2745500.0
2022-06-03,206.68,207.61,205.3,205.84,198.59,2694100.0
2022-06-02,205.0,209.2,204.0,209.18,201.81,2977800.0
2022-06-01,207.67,208.32,203.46,205.0,197.78,3087800.0
2022-05-31,207.17,208.35,205.19,206.36,199.09,4100900.0
2022-05-27,204.27,208.09,204.18,208.07,200.74,4381100.0
2022-05-26,199.4,203.8,199.37,202.93,195.78,4216700.0
2022-05-25,195.95,199.86,195.78,198.86,191.86,4921900.0
2022-05-24,196.57,197.3,193.32,196.67,189.74,4788700.0
2022-05-23,196.65,199.15,195.46,198.66,191.66,5018000.0
2022-05-20,197.04,197.54,190.66,195.32,188.44,5153300.0
2022-05-19,194.49,197.66,193.88,195.32,188.44,5710900.0
2022-05-18,201.82,202.02,195.44,196.19,189.28,4712200.0
2022-05-17,203.38,204.26,201.16,204.18,196.99,3954500.0
2022-05-16,200.39,201.86,198.86,199.91,192.87,4479400.0
2022-05-13,197.91,201.75,197.74,200.9,193.83,4543200.0
2022-05-12,194.06,197.59,192.12,195.66,188.77,7964900.0
2022-05-11,198.59,201.63,195.15,195.45,188.57,6365500.0
2022-05-10,201.89,202.71,196.55,199.05,192.04,7605000.0
2022-05-09,203.0,203.38,197.86,198.65,191.65,9551400.0
2022-05-06,206.42,207.82,203.11,205.95,198.7,5193900.0
2022-05-05,213.29,213.39,205.46,207.62,200.31,5186700.0
2022-05-04,209.72,215.91,207.69,215.57,207.98,3870600.0
2022-05-03,208.49,210.61,207.88,209.43,202.06,3901800.0
2022-05-02,207.15,209.13,203.71,208.44,201.1,10630500.0
2022-04-29,212.9,214.31,206.71,206.88,199.6,7330500.0
2022-04-28,211.88,215.75,209.45,214.77,207.21,3767700.0
2022-04-27,209.85,212.4,208.55,209.66,202.28,4955900.0
2022-04-26,214.26,214.41,209.25,209.25,201.88,6891100.0
2022-04-25,213.07,215.7,210.79,215.39,207.81,9271800.0
2022-04-22,219.73,219.73,214.02,214.22,206.68,6361400.0
2022-04-21,225.7,226.68,219.7,220.22,212.47,3172100.0
2022-04-20,225.0,225.52,223.4,223.88,216.0,2933200.0
2022-04-19,220.23,224.6,220.23,224.17,216.28,2631200.0
2022-04-18,220.41,221.29,219.15,220.29,212.53,3674400.0
2022-04-14,223.58,224.21,220.61,220.67,212.9,2465500.0
2022-04-13,220.51,223.79,220.27,223.39,215.52,2404600.0
2022-04-12,222.86,224.5,219.74,220.5,212.74,3164200.0
2022-04-11,223.17,223.57,221.0,221.18,213.39,2942200.0
2022-04-08,224.98,226.35,223.91,224.69,216.78,2954800.0
2022-04-07,224.2,226.44,222.64,225.39,217.45,4347500.0
2022-04-06,225.03,225.84,222.94,224.54,216.63,4122000.0
2022-04-05,229.89,230.88,226.58,227.15,219.15,3268800.0
2022-04-04,228.86,230.54,228.38,230.52,222.4,3241100.0
2022-04-01,228.66,228.75,226.63,228.58,220.53,3456400.0
2022-03-31,230.68,231.32,227.61,227.67,219.65,4087000.0
2022-03-30,232.39,232.81,230.03,231.16,223.02,3436400.0
2022-03-29,231.42,233.36,230.45,233.05,224.84,4470500.0
2022-03-28,228.03,229.57,226.48,229.57,221.49,6799400.0
2022-03-25,227.57,228.25,225.9,228.09,220.06,3851100.0
2022-03-24,225.01,227.19,224.33,227.12,219.12,2375100.0
2022-03-23,225.73,226.5,223.93,223.93,216.04,2695400.0
2022-03-22,225.78,228.15,225.6,227.73,219.03,3269300.0
2022-03-21,225.44,226.2,223.07,224.97,216.37,2802200.0
2022-03-18,221.99,225.45,221.43,225.18,216.58,3425100.0
2022-03-17,218.53,222.6,218.28,222.58,214.07,6570100.0
2022-03-16,216.36,219.64,213.99,219.64,211.25,4863500.0
2022-03-15,211.0,214.64,210.5,214.28,206.09,6491000.0
2022-03-14,212.28,213.81,209.27,209.9,201.88,6284200.0
2022-03-11,216.32,216.54,211.7,211.99,203.89,5511000.0
2022-03-10,213.77,215.35,212.3,214.91,206.7,5271300.0
2022-03-09,214.67,216.91,213.57,215.88,207.63,4558400.0
2022-03-08,211.07,215.49,209.28,210.05,202.02,6132200.0
2022-03-07,217.68,217.92,211.22,211.24,203.17,7953400.0
2022-03-04,218.21,218.61,215.85,217.96,209.63,4518100.0
2022-03-03,222.54,223.09,219.19,220.16,211.75,4161700.0
2022-03-02,219.0,222.61,218.42,221.85,213.37,3884900.0
2022-03-01,220.62,221.49,216.33,217.72,209.4,4765000.0
2022-02-28,219.25,222.06,218.25,221.17,212.72,4219800.0
2022-02-25,217.28,221.44,216.16,221.41,212.95,4615100.0
2022-02-24,207.64,216.85,207.0,216.59,208.31,10471000.0
2022-02-23,218.57,218.83,212.57,212.86,204.73,7684500.0
2022-02-22,218.11,220.08,215.06,216.85,208.56,7748900.0
2022-02-18,221.14,221.99,218.21,219.37,210.99,7007900.0
2022-02-17,224.41,224.7,220.72,221.14,212.69,5784600.0
2022-02-16,225.0,226.88,223.81,226.28,217.63,4812400.0
2022-02-15,224.58,226.17,224.4,226.07,217.43,4406200.0
2022-02-14,222.52,223.55,220.3,222.12,213.63,4402100.0
2022-02-11,227.38,228.5,222.01,222.94,214.42,4839800.0
2022-02-10,228.16,231.81,226.14,227.35,218.66,3511200.0
2022-02-09,229.86,231.3,229.6,231.27,222.43,3698700.0
2022-02-08,225.27,228.05,224.48,227.57,218.87,3075500.0
2022-02-07,226.48,227.38,224.84,225.5,216.88,2757300.0
2022-02-04,224.83,227.99,223.32,226.07,217.43,3585300.0
2022-02-03,226.81,227.93,224.13,224.58,216.0,4217700.0
2022-02-02,229.89,230.44,227.99,230.05,221.26,4048200.0
2022-02-01,227.94,228.93,225.14,228.54,219.81,4697600.0
2022-01-31,222.09,226.95,221.22,226.81,218.14,5306400.0
2022-01-28,217.5,222.17,214.93,222.09,213.6,4961200.0
2022-01-27,220.81,222.4,215.9,216.75,208.47,5789200.0
2022-01-26,222.72,224.16,216.05,218.37,210.03,7096400.0
2022-01-25,219.1,222.02,215.64,219.22,210.84,6600400.0
2022-01-24,217.99,222.57,212.1,222.33,213.83,22004300.0
2022-01-21,224.62,226.09,220.83,220.91,212.47,8582600.0
2022-01-20,229.13,231.91,225.14,225.37,216.76,5175100.0
2022-01-19,231.22,232.16,227.9,228.03,219.32,4868100.0
2022-01-18,232.5,232.7,229.94,230.45,221.64,6511600.0
2022-01-14,233.5,235.13,232.31,235.02,226.04,3829900.0
2022-01-13,239.18,239.4,234.48,234.93,225.95,4049300.0
2022-01-12,239.04,239.85,237.31,238.42,229.31,4033100.0
2022-01-11,235.71,238.11,234.09,238.05,228.95,3524800.0
2022-01-10,234.21,235.84,230.97,235.7,226.69,5819600.0
2022-01-07,237.19,238.07,235.32,236.11,227.09,3580200.0
2022-01-06,237.2,238.77,235.54,237.19,228.13,4519200.0
2022-01-05,242.08,242.66,237.2,237.25,228.18,4878300.0
2022-01-04,243.73,244.06,241.35,242.51,233.24,4217000.0
2022-01-03,242.42,242.97,240.86,242.97,233.69,4204000.0
2021-12-31,242.09,242.69,241.44,241.44,232.21,3499900.0
2021-12-30,243.11,243.69,242.0,242.21,232.95,4501500.0
2021-12-29,242.55,243.16,241.71,242.6,233.33,3044300.0
2021-12-28,243.06,243.78,242.04,242.46,233.2,3960900.0
2021-12-27,240.48,242.96,240.34,242.96,233.68,4395100.0
2021-12-23,239.87,241.36,239.5,240.67,230.65,2925100.0
2021-12-22,236.63,239.1,236.55,239.02,229.07,3202900.0
2021-12-21,234.19,236.84,233.22,236.68,226.82,4158800.0
2021-12-20,232.1,232.35,230.07,232.13,222.46,5839800.0
2021-12-17,235.0,237.16,233.34,235.44,225.64,4455100.0
2021-12-16,240.29,240.49,235.66,236.52,226.67,3876100.0
2021-12-15,235.56,239.25,233.85,239.2,229.24,3720700.0
2021-12-14,235.45,236.86,234.05,235.57,225.76,3360400.0
2021-12-13,239.5,239.6,237.14,237.35,227.47,5839100.0
2021-12-10,239.42,239.87,237.57,239.53,229.55,2610800.0
2021-12-09,239.52,239.9,237.78,237.91,228.0,2853800.0
2021-12-08,239.57,240.38,238.64,240.2,230.2,3417400.0
2021-12-07,237.56,239.7,237.34,239.17,229.21,4284700.0
2021-12-06,232.61,235.18,230.95,234.16,224.41,4210600.0
2021-12-03,234.83,235.27,229.02,231.19,221.56,5821900.0
2021-12-02,230.21,234.68,230.09,233.9,224.16,4257400.0
2021-12-01,236.41,237.87,229.88,230.16,220.57,5274700.0
2021-11-30,236.99,237.73,233.1,233.45,223.73,7231400.0
2021-11-29,238.48,239.28,236.52,238.21,228.29,4789200.0
2021-11-26,237.24,238.1,234.94,235.99,226.16,5730300.0
2021-11-24,239.14,241.21,238.63,241.21,231.16,2195400.0
2021-11-23,240.1,241.1,238.24,240.4,230.39,3826200.0
2021-11-22,242.34,243.6,240.25,240.32,230.31,3902900.0
2021-11-19,242.09,242.62,241.33,241.48,231.42,3353800.0
2021-11-18,242.3,242.44,240.52,242.17,232.08,3507700.0
2021-11-17,242.6,242.6,241.43,241.79,231.72,2809000.0
2021-11-16,241.66,243.33,241.41,242.79,232.68,2947400.0
2021-11-15,242.44,242.67,241.14,241.75,231.68,3630500.0
2021-11-12,240.64,242.04,240.21,241.75,231.68,2419900.0
2021-11-11,240.67,240.76,239.96,239.97,229.98,2277100.0
2021-11-10,241.14,241.96,238.73,239.68,229.7,3356500.0
2021-11-09,243.04,243.14,241.19,242.06,231.98,2764100.0
2021-11-08,243.17,243.56,242.43,242.76,232.65,3401400.0
2021-11-05,242.75,243.51,241.39,242.36,232.27,3919400.0
2021-11-04,241.03,241.8,240.53,241.43,231.38,3557000.0
2021-11-03,238.69,240.73,238.3,240.52,230.5,3704400.0
2021-11-02,238.32,238.93,237.91,238.83,228.88,4004800.0
2021-11-01,237.75,238.12,236.72,238.09,228.17,3967500.0
2021-10-29,235.48,237.13,235.37,236.91,227.04,3565900.0
2021-10-28,234.94,236.6,234.78,236.6,226.75,2104900.0
2021-10-27,236.05,236.08,233.99,234.1,224.35,3409600.0
2021-10-26,236.65,237.19,235.46,235.71,225.89,2759900.0
2021-10-25,235.07,235.96,234.1,235.8,225.98,2170100.0
2021-10-22,234.6,235.31,233.32,234.36,224.6,2144500.0
2021-10-21,233.91,234.95,233.67,234.81,225.03,2839800.0
2021-10-20,233.55,234.35,233.39,234.17,224.42,2838400.0
2021-10-19,232.5,233.28,232.11,233.26,223.55,2683100.0
2021-10-18,230.07,231.66,229.45,231.57,221.93,3078300.0
2021-10-15,230.69,231.16,230.27,230.73,221.12,2717900.0
2021-10-14,227.71,229.43,227.5,229.37,219.82,2688800.0
2021-10-13,225.17,226.03,223.65,225.62,216.22,3179500.0
2021-10-12,225.31,225.7,224.16,224.6,215.25,2898400.0
2021-10-11,226.07,227.59,224.68,224.76,215.4,2354900.0
2021-10-08,227.4,227.55,226.02,226.39,216.96,1922600.0
2021-10-07,226.5,228.36,226.11,226.89,217.44,3081300.0
2021-10-06,221.89,224.81,220.98,224.73,215.37,3076000.0
2021-10-05,222.43,224.99,222.1,223.8,214.48,3568200.0
2021-10-04,224.24,224.4,220.54,221.73,212.5,4984000.0
2021-10-01,223.1,225.63,221.02,225.12,215.74,5148600.0
2021-09-30,225.35,228.4,221.94,222.06,212.81,5080200.0
2021-09-29,225.22,225.99,224.28,224.49,215.14,4585500.0
2021-09-28,227.65,227.79,224.05,224.34,215.0,5078600.0
2021-09-27,229.16,229.87,228.51,229.14,219.6,2856700.0
2021-09-24,228.55,229.95,228.19,229.64,220.08,3122800.0
2021-09-23,228.44,230.95,228.05,230.09,219.81,3778100.0
2021-09-22,226.33,228.43,225.83,227.32,217.17,4187300.0
2021-09-21,226.51,227.03,224.46,225.05,215.0,4564400.0
2021-09-20,225.51,226.31,222.31,225.07,215.02,7749300.0
2021-09-17,230.54,230.83,228.65,229.04,218.81,3078200.0
2021-09-16,230.94,231.52,229.3,230.89,220.58,2537200.0
2021-09-15,229.42,231.34,228.72,231.1,220.78,2598900.0
2021-09-14,231.41,231.49,228.62,229.21,218.97,3158900.0
2021-09-13,231.51,231.74,229.33,230.6,220.3,3312700.0
2021-09-10,233.03,233.19,229.96,230.08,219.8,3385600.0
2021-09-09,232.67,233.65,231.75,231.92,221.56,3265900.0
2021-09-08,233.01,233.26,231.59,232.73,222.34,3027600.0
2021-09-07,234.29,234.3,233.02,233.28,222.86,3256800.0
2021-09-03,234.0,234.5,233.63,234.29,223.83,2484200.0
2021-09-02,234.31,234.65,233.68,234.37,223.9,3274600.0
2021-09-01,233.82,234.21,233.25,233.58,223.15,3533100.0
2021-08-31,233.56,233.63,232.77,233.17,222.76,3099400.0
2021-08-30,233.22,233.97,232.8,233.61,223.18,3194000.0
2021-08-27,230.8,232.94,230.67,232.73,222.34,3749800.0
2021-08-26,231.62,231.79,230.16,230.25,219.97,3352000.0
2021-08-25,231.39,232.02,230.98,231.8,221.45,2897000.0
2021-08-24,230.86,231.41,230.67,231.14,220.82,2772300.0
2021-08-23,229.07,230.74,228.78,230.32,220.03,3180600.0
2021-08-20,226.32,228.19,226.02,228.11,217.92,2655100.0
2021-08-19,224.72,226.82,224.4,226.08,215.98,3964500.0
2021-08-18,228.11,228.83,226.06,226.25,216.15,3194100.0
2021-08-17,228.72,229.04,226.78,228.53,218.32,3735100.0
2021-08-16,229.48,230.25,228.28,230.24,219.96,3193200.0
2021-08-13,230.23,230.25,229.76,230.15,219.87,2516000.0
2021-08-12,229.35,230.02,228.77,230.02,219.75,2746000.0
2021-08-11,229.44,229.49,228.41,229.38,219.14,3051400.0
2021-08-10,229.0,229.31,228.51,228.93,218.71,2946700.0
2021-08-09,228.86,229.04,228.02,228.78,218.56,3295500.0
2021-08-06,228.93,229.31,228.39,228.87,218.65,2343100.0
2021-08-05,227.52,228.6,227.24,228.59,218.38,2461700.0
2021-08-04,227.19,227.69,226.75,226.97,216.83,3374500.0
2021-08-03,226.83,228.0,225.28,227.99,217.81,3245400.0
2021-08-02,227.85,228.1,226.19,226.37,216.26,3558100.0
2021-07-30,226.57,227.92,226.4,226.69,216.57,2846800.0
2021-07-29,227.58,228.75,227.58,228.04,217.86,2960900.0
2021-07-28,227.12,227.81,226.19,227.04,216.9,3306700.0
2021-07-27,227.38,227.43,224.98,226.69,216.57,4169600.0
2021-07-26,227.25,227.92,227.13,227.92,217.74,2849700.0
2021-07-23,226.25,227.61,225.83,227.46,217.3,2982700.0
2021-07-22,225.2,225.35,224.18,225.21,215.15,2236200.0
2021-07-21,223.75,225.02,223.55,225.02,214.97,2542500.0
2021-07-20,219.95,223.71,219.39,223.02,213.06,5362900.0
2021-07-19,219.81,219.81,217.82,219.23,209.44,6966200.0
2021-07-16,225.0,225.0,222.19,222.39,212.46,3203300.0
2021-07-15,224.45,224.76,222.86,224.15,214.14,3276500.0
2021-07-14,226.27,226.46,224.42,224.94,214.89,2830200.0
2021-07-13,226.1,226.52,225.12,225.25,215.19,4668400.0
2021-07-12,225.95,226.61,225.47,226.51,216.39,3294600.0
2021-07-09,224.16,225.98,224.02,225.88,215.79,3886600.0
2021-07-08,221.93,223.72,221.14,223.18,213.21,4486100.0
2021-07-07,225.08,225.36,223.52,225.08,215.03,4042200.0
2021-07-06,225.38,225.52,223.16,224.78,214.74,4147200.0
2021-07-02,224.71,225.41,224.31,225.27,215.21,3026400.0
2021-07-01,223.4,224.06,223.1,224.03,214.02,3836000.0
2021-06-30,222.69,223.15,222.46,222.82,212.87,3041700.0
2021-06-29,223.31,223.4,222.47,222.81,212.86,4068000.0
2021-06-28,222.99,222.99,221.86,222.8,212.85,3094900.0
2021-06-25,222.26,222.7,221.91,222.55,212.61,2801300.0
2021-06-24,221.51,221.87,221.29,221.72,211.82,2931600.0
2021-06-23,221.1,221.59,220.81,220.9,210.39,2662200.0
2021-06-22,219.85,221.35,219.18,220.99,210.48,2684300.0
2021-06-21,217.67,219.8,217.08,219.74,209.28,3870000.0
2021-06-18,217.99,218.15,216.53,216.75,206.44,4538300.0
2021-06-17,219.44,220.06,217.95,219.47,209.03,3002900.0
2021-06-16,220.97,220.97,218.38,219.68,209.23,3459600.0
2021-06-15,221.49,221.53,220.17,220.78,210.28,3094000.0
2021-06-14,221.2,221.39,220.38,221.36,210.83,3189400.0
2021-06-11,220.78,221.02,220.13,221.02,210.5,2837200.0
2021-06-10,220.21,220.9,219.19,220.37,209.88,2936700.0
2021-06-09,220.41,220.5,219.35,219.4,208.96,2688600.0
2021-06-08,220.03,220.28,218.66,220.02,209.55,2831700.0
2021-06-07,219.55,219.68,219.03,219.57,209.12,2762800.0
2021-06-04,218.57,219.48,218.46,219.39,208.95,2287100.0
2021-06-03,217.3,218.05,216.08,217.5,207.15,2967000.0
2021-06-02,218.62,218.82,217.89,218.47,208.08,3599400.0
2021-06-01,219.53,219.53,217.81,218.18,207.8,3805700.0
2021-05-28,218.6,218.73,218.03,218.09,207.71,2635700.0
2021-05-27,218.0,218.24,217.59,217.72,207.36,2617200.0
2021-05-26,216.98,217.56,216.48,217.32,206.98,3258100.0
2021-05-25,217.84,218.02,216.2,216.54,206.24,3700600.0
2021-05-24,216.24,217.7,215.92,217.14,206.81,2873700.0
2021-05-21,216.08,216.74,214.71,214.97,204.74,3623300.0
2021-05-20,213.21,215.66,213.18,215.09,204.86,3478300.0
2021-05-19,210.57,212.78,209.75,212.78,202.66,6015000.0
2021-05-18,215.25,215.63,213.34,213.4,203.25,3173100.0
2021-05-17,214.9,215.38,213.74,215.08,204.85,4063200.0
2021-05-14,213.55,215.96,213.5,215.54,205.28,4292600.0
2021-05-13,210.38,212.92,210.33,211.92,201.84,4970900.0
2021-05-12,212.94,213.63,209.21,209.61,199.64,5788400.0
2021-05-11,213.29,214.91,212.02,214.44,204.24,5959900.0
2021-05-10,218.89,218.9,216.05,216.18,205.89,4443800.0
2021-05-07,217.4,218.99,217.1,218.75,208.34,3868100.0
2021-05-06,215.78,216.95,214.08,216.91,206.59,4131200.0
2021-05-05,216.94,216.94,215.28,215.81,205.54,2032600.0
2021-05-04,216.48,216.54,213.81,215.85,205.58,4900000.0
2021-05-03,218.57,218.57,217.3,217.48,207.13,3846300.0
2021-04-30,217.51,218.17,216.75,217.1,206.77,3256600.0
2021-04-29,219.6,219.65,216.94,218.7,208.29,4178800.0
2021-04-28,218.07,218.64,217.62,217.87,207.5,2603900.0
2021-04-27,218.3,218.33,217.35,217.9,207.53,2670000.0
2021-04-26,217.74,218.27,217.45,218.0,207.63,3202500.0
2021-04-23,215.08,217.87,214.97,217.21,206.88,4374300.0
2021-04-22,216.45,217.04,213.88,214.61,204.4,4394800.0
2021-04-21,213.65,216.33,213.25,216.3,206.01,3167900.0
2021-04-20,215.22,215.54,212.92,213.75,203.58,5210300.0
2021-04-19,216.73,216.91,215.0,215.73,205.47,3986900.0
2021-04-16,217.46,217.47,216.32,217.15,206.82,4306000.0
2021-04-15,215.73,216.67,215.46,216.6,206.29,5439600.0
2021-04-14,215.06,215.87,214.04,214.32,204.12,3765600.0
2021-04-13,214.36,215.28,214.0,214.8,204.58,4056900.0
2021-04-12,214.06,214.37,213.33,214.2,204.01,3882800.0
2021-04-09,212.85,214.25,212.62,214.14,203.95,3559100.0
2021-04-08,212.54,212.85,211.77,212.85,202.72,3628900.0
2021-04-07,211.79,212.12,211.09,211.62,201.55,3299100.0
2021-04-06,211.69,212.49,211.41,211.8,201.72,4029900.0
2021-04-05,210.85,211.96,210.56,211.72,201.65,5941400.0
2021-04-01,207.99,209.3,207.56,209.28,199.32,4543300.0
2021-03-31,206.05,207.62,206.0,206.69,196.86,5494800.0
2021-03-30,205.17,205.89,204.29,205.44,195.67,3960500.0
2021-03-29,205.59,206.36,204.24,205.5,195.72,4562900.0
2021-03-26,204.11,206.64,203.24,206.47,196.65,3554900.0
2021-03-25,200.92,203.66,199.5,203.15,193.48,4976800.0
2021-03-24,205.17,205.85,202.33,202.33,192.06,4014500.0
2021-03-23,206.19,206.44,203.64,204.02,193.67,4764800.0
2021-03-22,205.88,207.26,205.38,206.37,195.9,3603900.0
2021-03-19,205.14,206.15,203.57,205.26,194.84,3871000.0
2021-03-18,207.45,208.44,204.77,205.0,194.6,3641900.0
2021-03-17,207.31,209.29,206.36,208.8,198.2,3347000.0
2021-03-16,209.14,209.3,207.36,208.01,197.45,4599900.0
2021-03-15,207.73,208.9,206.39,208.85,198.25,3421900.0
2021-03-12,206.16,207.46,205.55,207.4,196.88,4069000.0
2021-03-11,206.08,207.83,205.71,206.99,196.49,4102700.0
2021-03-10,204.55,205.27,203.61,204.32,193.95,4133800.0
2021-03-09,202.23,204.35,201.71,202.87,192.58,4116100.0
2021-03-08,201.44,202.89,199.57,199.77,189.63,4281400.0
2021-03-05,199.37,201.21,194.11,200.75,190.56,6614800.0
2021-03-04,200.04,201.24,194.52,197.19,187.18,7198800.0
2021-03-03,203.22,203.54,200.18,200.36,190.19,4334000.0
2021-03-02,205.5,205.55,203.17,203.29,192.97,4859000.0
2021-03-01,203.15,205.85,203.07,205.22,194.81,4691800.0
2021-02-26,201.99,202.69,198.55,200.08,189.93,6324600.0
2021-02-25,205.74,206.38,200.0,200.88,190.69,7581100.0
2021-02-24,203.6,206.48,202.78,206.27,195.8,3722800.0
2021-02-23,202.55,204.68,199.36,203.98,193.63,5707900.0
2021-02-22,204.72,205.53,203.91,204.01,193.66,4400300.0
2021-02-19,206.43,207.03,205.65,205.97,195.52,4921800.0
2021-02-18,205.23,206.09,204.01,205.5,195.07,3658900.0
2021-02-17,206.02,206.9,205.04,206.69,196.2,4484000.0
2021-02-16,208.31,208.39,206.52,207.12,196.61,4955700.0
2021-02-12,205.89,207.51,205.8,207.49,196.96,2416700.0
2021-02-11,206.7,206.94,204.82,206.42,195.95,2630000.0
2021-02-10,207.07,207.22,204.45,205.93,195.48,3682400.0
2021-02-09,205.6,206.45,205.25,206.02,195.57,3384800.0
2021-02-08,205.19,205.98,204.78,205.94,195.49,3676700.0
2021-02-05,204.12,204.29,203.16,204.11,193.75,3127200.0
2021-02-04,201.16,202.97,201.03,202.97,192.67,2746400.0
2021-02-03,200.82,201.26,199.59,200.43,190.26,2905600.0
2021-02-02,199.2,200.96,199.05,200.13,189.97,3278700.0
2021-02-01,195.88,197.73,194.53,197.3,187.29,3900700.0
2021-01-29,196.74,197.25,192.82,193.99,184.15,8315700.0
2021-01-28,196.84,199.68,196.74,197.45,187.43,5310100.0
2021-01-27,199.05,199.08,194.65,195.91,185.97,6727700.0
2021-01-26,201.89,202.34,200.68,200.73,190.54,4046900.0
2021-01-25,201.27,201.95,198.35,201.46,191.24,5323200.0
2021-01-22,200.26,201.31,199.96,200.89,190.7,3045900.0
2021-01-21,201.85,202.0,200.78,201.22,191.01,2960600.0
2021-01-20,200.08,201.76,199.97,201.37,191.15,5224900.0
2021-01-19,198.66,199.04,197.83,198.86,188.77,4153700.0
2021-01-15,197.96,198.25,195.98,197.06,187.06,3444800.0
2021-01-14,199.55,200.03,198.52,198.79,188.7,4289000.0
2021-01-13,198.73,199.58,198.05,198.98,188.88,3465800.0
2021-01-12,198.37,198.99,197.34,198.76,188.67,3874100.0
2021-01-11,197.42,199.06,197.22,198.06,188.01,3858600.0
2021-01-08,199.14,199.46,196.98,199.25,189.14,7538700.0
2021-01-07,196.42,198.62,196.4,198.29,188.23,4830900.0
2021-01-06,192.5,196.89,192.46,195.16,185.26,6175700.0
2021-01-05,191.49,193.95,191.42,193.42,183.61,3894000.0
2021-01-04,195.39,195.43,189.76,191.87,182.13,8825800.0
2020-12-31,193.75,194.87,193.25,194.64,184.76,3746400.0
2020-12-30,193.9,194.38,193.61,193.75,183.92,4314000.0
2020-12-29,194.86,194.95,192.82,193.23,183.42,4606200.0
2020-12-28,194.59,194.6,193.8,194.04,184.19,3780500.0
2020-12-24,192.88,193.0,192.24,192.82,183.04,1744000.0
2020-12-23,193.65,194.22,193.16,193.28,182.73,3451400.0
2020-12-22,193.31,193.48,192.21,192.95,182.42,4336000.0
2020-12-21,191.6,193.35,189.82,192.91,182.38,5011900.0
2020-12-18,194.38,194.47,192.21,193.47,182.91,4542100.0
2020-12-17,193.42,194.02,193.21,194.02,183.43,4132800.0
2020-12-16,192.47,192.99,191.89,192.51,182.0,2983900.0
2020-12-15,191.19,192.27,190.38,192.24,181.75,3226100.0
2020-12-14,191.69,192.19,189.58,189.64,179.29,3530500.0
2020-12-11,189.56,190.37,188.6,190.18,179.8,3463000.0
2020-12-10,189.33,190.91,188.71,190.52,180.12,3223500.0
2020-12-09,192.54,192.64,189.51,190.24,179.86,4470500.0
2020-12-08,190.64,192.39,190.6,192.13,181.64,3449000.0
2020-12-07,191.3,191.5,190.62,191.3,180.86,4319700.0
2020-12-04,190.0,191.51,189.99,191.51,181.06,4401400.0
2020-12-03,189.32,190.3,189.02,189.61,179.26,4408600.0
2020-12-02,188.44,189.29,187.8,189.23,178.9,3831400.0
2020-12-01,189.17,189.8,188.65,189.07,178.75,3867300.0
2020-11-30,188.06,188.13,185.54,186.7,176.51,3721800.0
2020-11-27,188.13,188.37,187.68,188.18,177.91,1742500.0
2020-11-25,187.45,187.68,186.57,187.52,177.28,3459400.0
2020-11-24,186.29,187.82,185.6,187.59,177.35,5378100.0
2020-11-23,184.29,185.2,183.37,184.73,174.65,4390900.0
2020-11-20,184.17,184.17,183.16,183.23,173.23,2785700.0
2020-11-19,183.0,184.35,182.21,184.2,174.15,3038500.0
2020-11-18,185.45,185.75,183.17,183.18,173.18,3281900.0
2020-11-17,184.76,185.69,183.61,185.14,175.03,5733100.0
2020-11-16,185.54,185.61,184.09,185.56,175.43,6214800.0
2020-11-13,181.88,183.64,181.58,183.32,173.31,4769900.0
2020-11-12,181.95,182.4,179.7,180.76,170.89,3325700.0
2020-11-11,182.43,182.9,181.59,182.56,172.6,2878800.0
2020-11-10,181.01,181.69,179.09,181.09,171.21,5609200.0
2020-11-09,187.52,187.52,181.12,181.39,171.49,5549800.0
2020-11-06,179.18,179.8,178.08,179.26,169.48,3222100.0
2020-11-05,178.67,180.08,178.41,179.35,169.56,3678100.0
2020-11-04,174.16,177.85,173.69,175.72,166.13,3632100.0
2020-11-03,170.7,172.96,170.34,171.97,162.58,4096000.0
2020-11-02,168.79,169.81,167.16,168.73,159.52,3741600.0
2020-10-30,167.89,168.75,165.02,166.99,157.88,3990400.0
2020-10-29,167.5,170.47,166.5,168.78,159.57,3101000.0
2020-10-28,169.9,170.23,167.01,167.2,158.07,4617500.0
2020-10-27,173.83,174.02,172.82,172.93,163.49,2525200.0
2020-10-26,175.04,175.49,171.6,173.63,164.15,3873600.0
2020-10-23,176.81,176.95,175.46,176.84,167.19,2412700.0
2020-10-22,175.33,176.56,174.12,176.26,166.64,3762200.0
2020-10-21,175.66,176.72,175.02,175.02,165.47,3237200.0
2020-10-20,175.9,177.36,175.24,175.62,166.03,2622900.0
2020-10-19,178.31,179.25,174.62,175.01,165.46,2713800.0
2020-10-16,178.48,179.31,177.55,177.55,167.86,1910200.0
2020-10-15,175.61,178.07,175.16,177.87,168.16,2865300.0
2020-10-14,179.2,179.92,177.49,177.81,168.1,2155600.0
2020-10-13,179.67,179.82,178.43,179.0,169.23,2448900.0
2020-10-12,178.65,180.64,178.41,179.95,170.13,2895800.0
2020-10-09,176.9,177.63,176.44,177.32,167.64,2489200.0
2020-10-08,175.53,175.89,174.88,175.84,166.24,2335200.0
2020-10-07,172.99,174.73,172.94,174.31,164.8,1952400.0
2020-10-06,173.73,174.98,171.01,171.32,161.97,2803300.0
2020-10-05,171.61,173.53,171.33,173.46,163.99,2574200.0
2020-10-02,168.65,171.31,168.23,170.39,161.09,2325600.0
2020-10-01,171.72,172.25,170.61,171.73,162.36,3234100.0
2020-09-30,169.51,171.97,169.25,170.31,161.01,4786400.0
2020-09-29,169.84,170.23,168.69,169.04,159.81,2120600.0
2020-09-28,169.32,170.3,168.89,169.99,160.71,3291300.0
2020-09-25,163.78,167.44,163.53,166.96,157.85,2986000.0
2020-09-24,163.92,166.69,162.85,164.99,155.35,3792200.0
2020-09-23,169.0,169.13,164.35,164.64,155.02,2071400.0
2020-09-22,167.76,168.93,166.37,168.71,158.85,2090900.0
2020-09-21,166.47,167.06,164.27,167.05,157.29,4175300.0
2020-09-18,171.21,171.21,167.53,169.09,159.21,3178000.0
2020-09-17,169.56,171.54,169.22,170.75,160.77,2780400.0
2020-09-16,173.46,174.38,172.07,172.17,162.11,2826900.0
2020-09-15,173.2,173.64,172.11,172.74,162.64,2129700.0
2020-09-14,171.0,172.37,170.6,171.76,161.72,3080800.0
2020-09-11,170.24,170.56,167.5,169.12,159.24,3407700.0
2020-09-10,173.06,173.49,168.6,169.06,159.18,3507600.0
2020-09-09,170.83,173.14,170.33,171.88,161.83,4290400.0
2020-09-08,170.3,171.04,168.36,168.58,158.73,3976000.0
2020-09-04,175.34,176.14,169.2,173.45,163.31,4379900.0
2020-09-03,180.0,180.49,173.51,174.94,164.72,5341400.0
2020-09-02,180.0,181.67,179.01,181.24,170.65,4021900.0
2020-09-01,177.69,178.99,177.17,178.85,168.4,2877700.0
2020-08-31,177.66,178.14,176.95,177.28,166.92,3189600.0
2020-08-28,177.18,177.71,176.54,177.68,167.3,4163100.0
2020-08-27,176.52,177.29,175.53,176.45,166.14,3435300.0
2020-08-26,174.73,176.18,174.48,176.03,165.74,2441100.0
2020-08-25,174.22,174.47,173.42,174.45,164.25,5162700.0
2020-08-24,173.51,173.87,172.87,173.87,163.71,2467500.0
2020-08-21,171.54,172.3,171.41,172.22,162.15,2284500.0
2020-08-20,170.26,172.06,170.19,171.79,161.75,2184400.0
2020-08-19,172.17,172.5,170.99,171.3,161.29,2291000.0
2020-08-18,172.0,172.27,170.98,171.97,161.92,3551400.0
2020-08-17,171.43,171.86,171.39,171.71,161.67,3422400.0
2020-08-14,170.72,171.3,170.38,170.98,160.99,2213900.0
2020-08-13,170.79,171.75,170.48,171.03,161.03,2247200.0
2020-08-12,170.37,171.52,170.34,171.16,161.16,3364900.0
2020-08-11,171.0,171.33,168.48,168.9,159.03,3124600.0
2020-08-10,170.03,170.39,169.05,170.27,160.32,2496700.0
2020-08-07,169.22,169.95,168.6,169.8,159.88,2194200.0
2020-08-06,168.62,169.78,168.28,169.66,159.74,2150900.0
2020-08-05,168.48,168.92,168.3,168.84,158.97,2683000.0
2020-08-04,166.61,167.62,166.53,167.62,157.82,2811700.0
2020-08-03,166.47,167.3,166.15,166.96,157.2,4341600.0
2020-07-31,165.54,165.62,162.96,165.52,155.85,3159700.0
2020-07-30,163.44,164.87,162.41,164.68,155.06,2473300.0
2020-07-29,163.46,165.43,163.46,165.05,155.4,2153300.0
2020-07-28,163.62,164.23,162.78,162.89,153.37,1904900.0
2020-07-27,163.06,164.1,162.63,164.09,154.5,2423500.0
2020-07-24,162.83,163.4,161.9,162.69,153.18,2360800.0
2020-07-23,165.61,166.2,163.08,163.96,154.38,3114900.0
2020-07-22,164.59,165.94,164.59,165.77,156.08,2723200.0
2020-07-21,165.64,165.9,164.37,164.91,155.27,2345600.0
2020-07-20,163.02,164.86,162.6,164.44,154.83,3113200.0
2020-07-17,163.09,163.51,162.07,163.19,153.65,2141100.0
2020-07-16,162.16,162.8,161.68,162.57,153.07,2190700.0
2020-07-15,163.33,163.64,161.67,163.3,153.76,3747800.0
2020-07-14,158.5,161.42,157.74,161.3,151.87,3221300.0
2020-07-13,162.08,163.55,158.88,159.21,149.9,4694700.0
2020-07-10,159.17,161.01,158.43,160.95,151.54,2391800.0
2020-07-09,160.56,160.7,157.28,159.24,149.93,2465200.0
2020-07-08,159.31,160.28,158.37,160.23,150.87,2434900.0
2020-07-07,159.79,160.88,158.73,158.93,149.64,2357400.0
2020-07-06,160.5,161.03,159.86,160.56,151.18,3307600.0
2020-07-02,159.3,160.07,157.86,158.07,148.83,3181600.0
2020-07-01,156.9,158.04,156.61,157.44,148.24,3640900.0
2020-06-30,154.48,157.22,154.07,156.53,147.38,4317400.0
2020-06-29,152.7,154.28,151.35,154.25,145.23,3161600.0
2020-06-26,154.98,155.17,151.73,152.02,143.14,3508500.0
2020-06-25,153.43,155.77,152.41,155.64,146.54,4029200.0
2020-06-24,157.63,157.91,153.41,154.48,144.79,3729100.0
2020-06-23,159.63,159.98,158.55,158.79,148.83,2555100.0
2020-06-22,156.95,158.3,156.05,158.17,148.25,2561300.0
2020-06-19,159.86,159.88,156.29,157.08,147.23,3824900.0
2020-06-18,156.94,158.3,156.43,157.97,148.06,2797800.0
2020-06-17,159.14,159.21,157.41,157.84,147.94,3702200.0
2020-06-16,160.12,160.12,155.91,158.61,148.66,4581200.0
2020-06-15,150.56,156.16,149.85,155.62,145.86,4859200.0
2020-06-12,156.49,156.49,150.83,153.97,144.31,6882100.0
2020-06-11,156.91,157.7,151.63,151.87,142.35,12504600.0
2020-06-10,162.81,163.25,161.01,161.39,151.27,4292900.0
2020-06-09,162.65,163.48,161.88,162.6,152.4,3200400.0
2020-06-08,162.9,164.2,162.32,164.1,153.81,5851300.0
2020-06-05,161.4,163.08,161.0,161.9,151.75,4373400.0
2020-06-04,157.71,158.65,156.62,157.85,147.95,5629200.0
2020-06-03,157.2,158.8,157.01,158.35,148.42,9496400.0
2020-06-02,155.2,156.0,154.43,155.92,146.14,4157200.0
2020-06-01,153.62,155.09,153.27,154.75,145.05,3478900.0
2020-05-29,152.8,154.13,151.41,153.71,144.07,4776100.0
2020-05-28,154.41,155.19,152.73,153.2,143.59,4601500.0
2020-05-27,153.0,153.73,150.02,153.73,144.09,5077700.0
2020-05-26,152.84,152.89,151.11,151.34,141.85,4197500.0
2020-05-22,148.76,149.28,147.97,149.26,139.9,3003000.0
2020-05-21,149.6,150.13,148.02,148.84,139.51,3419200.0
2020-05-20,149.17,150.19,148.91,149.74,140.35,3894000.0
2020-05-19,148.36,149.3,147.02,147.02,137.8,3180900.0
2020-05-18,147.53,149.41,147.25,148.6,139.28,4557800.0
2020-05-15,141.77,143.86,141.19,143.83,134.81,3845600.0
2020-05-14,139.85,143.09,138.37,142.97,134.0,7561000.0
2020-05-13,143.9,144.31,140.02,141.45,132.58,5862100.0
2020-05-12,148.08,148.31,144.2,144.35,135.3,4864400.0
2020-05-11,146.22,148.21,146.03,147.49,138.24,4240900.0
2020-05-08,146.45,147.63,145.88,147.47,138.22,4248400.0
2020-05-07,144.7,145.76,144.4,144.75,135.67,3796300.0
2020-05-06,144.61,144.87,142.7,142.88,133.92,3927300.0
2020-05-05,144.08,145.34,143.46,143.67,134.66,3665900.0
2020-05-04,140.67,142.45,139.91,142.35,133.42,4741200.0
2020-05-01,143.12,143.6,139.8,141.81,132.92,4232500.0
2020-04-30,146.78,147.05,145.12,145.84,136.69,4228800.0
2020-04-29,146.81,148.54,146.03,147.76,138.49,4990900.0
2020-04-28,146.17,146.48,143.37,143.69,134.68,3594500.0
2020-04-27,142.65,144.66,141.0,144.14,135.1,4968200.0
2020-04-24,140.5,141.97,139.26,141.63,132.75,4403600.0
2020-04-23,140.22,141.98,139.44,139.55,130.8,6198300.0
2020-04-22,139.26,140.3,138.36,139.53,130.78,6340900.0
2020-04-21,138.1,138.98,135.87,136.45,127.89,6367500.0
2020-04-20,141.0,143.05,140.51,140.82,131.99,5414000.0
2020-04-17,142.71,143.48,141.08,143.14,134.16,6411200.0
2020-04-16,139.27,139.55,137.43,139.2,130.47,5301200.0
2020-04-15,138.74,139.49,137.43,138.55,129.86,5164100.0
2020-04-14,140.59,142.21,139.97,141.88,132.98,5609300.0
2020-04-13,138.75,140.06,135.63,137.7,129.06,7291600.0
2020-04-09,138.92,140.78,137.81,139.36,130.62,9311600.0
2020-04-08,133.73,137.45,132.42,136.8,128.22,6610400.0
2020-04-07,137.02,137.28,132.08,132.16,123.87,10469900.0
2020-04-06,128.43,132.8,127.78,132.01,123.73,9369400.0
2020-04-03,124.85,126.04,121.86,123.38,115.64,6584400.0
2020-04-02,122.38,126.13,122.02,125.52,117.65,6244300.0
2020-04-01,124.13,125.62,121.77,122.96,115.25,7911500.0
2020-03-31,130.97,131.61,128.02,128.91,120.83,8662400.0
2020-03-30,127.78,131.17,126.64,130.78,122.58,10416300.0
2020-03-27,127.12,130.51,125.51,126.93,118.97,9731500.0
2020-03-26,124.84,131.63,124.66,131.11,122.89,10549100.0
2020-03-25,123.54,129.03,120.59,124.22,115.85,14428100.0
2020-03-24,117.63,122.58,117.0,122.53,114.28,10986900.0
2020-03-23,113.65,114.9,109.49,111.91,104.37,16443000.0
2020-03-20,121.15,122.66,114.8,115.19,107.43,12264900.0
2020-03-19,117.41,122.8,114.59,120.09,112.0,11083500.0
2020-03-18,118.5,122.36,113.0,119.21,111.18,15388000.0
2020-03-17,122.21,127.37,118.0,126.5,117.98,16645800.0
2020-03-16,121.06,127.99,120.0,120.46,112.35,14652900.0
2020-03-13,132.0,135.93,125.0,135.93,126.78,15351600.0
2020-03-12,129.18,133.67,124.41,124.59,116.2,20969500.0
2020-03-11,141.45,142.2,136.3,138.01,128.72,10760200.0
2020-03-10,144.35,145.41,137.9,145.37,135.58,11693300.0
2020-03-09,140.0,143.63,138.24,138.5,129.17,18537100.0
2020-03-06,148.98,151.34,147.12,150.59,140.45,9947700.0
2020-03-05,154.81,156.36,152.11,153.44,143.11,5343100.0
2020-03-04,155.52,158.75,154.05,158.73,148.04,5226600.0
2020-03-03,157.34,159.3,151.08,152.63,142.35,8623100.0
2020-03-02,151.41,156.82,149.58,156.67,146.12,12071600.0
2020-02-28,146.42,150.59,145.3,150.44,140.31,22272400.0
2020-02-27,155.04,157.53,151.4,151.46,141.26,14384200.0
2020-02-26,160.01,161.81,158.0,158.4,147.73,8210300.0
2020-02-25,165.04,165.39,158.77,159.28,148.55,10112300.0
2020-02-24,164.5,165.87,163.59,164.3,153.24,8710900.0
2020-02-21,170.95,171.03,169.4,169.89,158.45,2983500.0
2020-02-20,171.96,172.43,169.9,171.65,160.09,7061600.0
2020-02-19,171.92,172.56,171.77,172.17,160.58,2488100.0
2020-02-18,171.27,171.54,170.53,171.3,159.76,2459400.0
2020-02-14,171.6,171.77,170.98,171.7,160.14,2527800.0
2020-02-13,170.7,171.93,170.55,171.42,159.88,2827500.0
2020-02-12,171.24,171.55,170.91,171.49,159.94,2154100.0
2020-02-11,170.74,171.25,170.11,170.42,158.94,2921700.0
2020-02-10,168.28,169.95,168.26,169.95,158.5,2494100.0
2020-02-07,169.05,169.4,168.41,168.71,157.35,2579200.0
2020-02-06,169.76,169.83,169.19,169.68,158.25,2202300.0
2020-02-05,169.13,169.35,168.17,169.21,157.81,4133700.0
2020-02-04,166.97,168.02,166.81,167.56,156.28,2732700.0
2020-02-03,164.35,165.83,164.31,164.96,153.85,2783200.0
2020-01-31,166.16,166.21,163.04,163.52,152.51,4525300.0
2020-01-30,165.0,166.61,164.47,166.46,155.25,2835900.0
2020-01-29,166.96,166.99,165.92,166.06,154.88,1751700.0
2020-01-28,165.33,166.67,165.06,166.17,154.98,4010700.0
2020-01-27,164.23,165.32,163.84,164.58,153.5,4692800.0
2020-01-24,169.09,169.09,166.33,167.09,155.84,3292500.0
2020-01-23,168.11,168.77,167.39,168.69,157.33,2370000.0
2020-01-22,168.93,169.32,168.35,168.5,157.15,2113600.0
2020-01-21,168.4,168.85,168.17,168.4,157.06,3174200.0
2020-01-17,169.01,169.01,168.37,168.76,157.39,2272000.0
2020-01-16,167.71,168.37,167.61,168.34,157.0,2205600.0
2020-01-15,166.5,167.4,166.42,166.91,155.67,2479200.0
2020-01-14,166.55,167.12,166.17,166.5,155.29,3062000.0
2020-01-13,166.0,166.63,165.52,166.59,155.37,3997100.0
2020-01-10,166.26,166.3,165.2,165.46,154.32,4023000.0
2020-01-09,165.81,165.98,165.36,165.94,154.76,2216900.0
2020-01-08,164.2,165.55,164.04,164.91,153.8,4244800.0
2020-01-07,164.27,164.46,163.78,164.1,153.05,2498400.0
2020-01-06,162.92,164.52,162.83,164.49,153.41,6813800.0
2020-01-03,163.29,164.47,163.01,163.93,152.89,3625400.0
2020-01-02,164.68,164.98,163.78,164.98,153.87,3291100.0
2019-12-31,163.0,163.76,162.72,163.62,152.6,3262400.0
2019-12-30,164.3,164.38,162.91,163.19,152.2,4503500.0
2019-12-27,164.61,164.68,163.8,164.08,153.03,2356700.0
2019-12-26,163.7,164.23,163.63,164.23,153.17,2515000.0
2019-12-24,163.68,163.72,163.25,163.44,152.43,1624900.0
2019-12-23,164.56,164.59,164.2,164.29,152.4,3822900.0
2019-12-20,164.0,164.34,163.86,164.19,152.31,3142900.0
2019-12-19,162.74,163.35,162.7,163.35,151.53,3018600.0
2019-12-18,162.83,162.92,162.26,162.64,150.87,2139800.0
2019-12-17,162.77,162.86,162.44,162.57,150.8,4421500.0
2019-12-16,162.36,162.88,162.22,162.51,150.75,2466000.0
2019-12-13,161.25,162.09,160.67,161.33,149.65,3023500.0
2019-12-12,160.02,161.78,159.84,161.33,149.65,3012200.0
2019-12-11,159.89,160.14,159.57,160.02,148.44,1781300.0
2019-12-10,159.77,160.1,159.29,159.64,148.09,2150800.0
2019-12-09,160.09,160.43,159.75,159.78,148.22,1934300.0
2019-12-06,159.98,160.54,159.89,160.29,148.69,2021000.0
2019-12-05,159.0,159.0,158.18,158.88,147.38,1858100.0
2019-12-04,158.29,158.96,158.1,158.65,147.17,2132100.0
2019-12-03,157.09,157.71,156.38,157.63,146.22,4040300.0
2019-12-02,160.26,160.36,158.45,158.57,147.09,3766700.0
2019-11-29,160.46,160.55,159.92,160.02,148.44,1171000.0
2019-11-27,160.38,160.74,160.02,160.74,149.11,2343200.0
2019-11-26,159.67,160.06,159.48,159.98,148.4,1884900.0
2019-11-25,158.76,159.64,158.6,159.64,148.09,2525300.0
2019-11-22,158.31,158.34,157.61,158.14,146.69,1886000.0
2019-11-21,158.27,158.34,157.44,157.79,146.37,2220300.0
2019-11-20,158.32,158.72,157.25,158.19,146.74,3336200.0
2019-11-19,159.05,159.15,158.26,158.69,147.2,2225200.0
2019-11-18,158.42,158.74,158.12,158.64,147.16,3128400.0
2019-11-15,158.15,158.55,157.79,158.55,147.07,2615300.0
2019-11-14,156.99,157.44,156.72,157.35,145.96,2096200.0
2019-11-13,156.57,157.39,156.39,157.19,145.81,2189400.0
2019-11-12,157.03,157.69,156.74,157.12,145.75,1730700.0
2019-11-11,156.4,156.93,156.25,156.85,145.5,1738900.0
2019-11-08,156.56,157.16,156.08,157.16,145.79,2132400.0
2019-11-07,157.0,157.34,156.41,156.72,145.38,2407300.0
2019-11-06,156.24,156.3,155.63,156.19,144.89,2288400.0
2019-11-05,156.6,156.78,156.07,156.26,144.95,2377100.0
2019-11-04,156.7,156.77,156.18,156.4,145.08,2150600.0
2019-11-01,155.0,155.83,154.92,155.83,144.55,2341400.0
2019-10-31,154.68,154.68,153.42,154.18,143.02,2224400.0
2019-10-30,154.4,154.94,153.64,154.72,143.52,2246000.0
2019-10-29,154.23,154.8,154.11,154.35,143.18,1561500.0
2019-10-28,154.12,154.66,154.0,154.38,143.21,2725500.0
2019-10-25,152.49,153.76,152.42,153.45,142.34,2461600.0
2019-10-24,153.01,153.08,152.28,152.84,141.78,1582200.0
2019-10-23,151.97,152.49,151.77,152.42,141.39,1804000.0
2019-10-22,152.93,153.01,152.04,152.11,141.1,1711800.0
2019-10-21,152.35,152.69,152.06,152.57,141.53,1710100.0
2019-10-18,151.94,152.2,150.9,151.58,140.61,1720000.0
2019-10-17,152.33,152.64,151.84,152.19,141.18,1640400.0
2019-10-16,151.64,152.05,151.37,151.69,140.71,1578400.0
2019-10-15,151.03,152.33,150.92,151.97,140.97,2153200.0
2019-10-14,150.52,150.75,150.25,150.49,139.6,1213500.0
2019-10-11,150.51,151.9,150.47,150.63,139.73,3377100.0
2019-10-10,148.0,149.5,147.99,149.03,138.24,3508900.0
2019-10-09,147.85,148.59,147.52,148.08,137.36,3294600.0
2019-10-08,148.04,148.36,146.71,146.73,136.11,2213900.0
2019-10-07,149.38,150.19,148.89,149.14,138.35,2237400.0
2019-10-04,148.36,149.81,148.04,149.73,138.89,2509200.0
2019-10-03,146.48,147.8,144.9,147.8,137.1,4380400.0
2019-10-02,148.18,148.24,145.82,146.61,136.0,3811500.0
2019-10-01,151.5,151.88,148.92,149.03,138.24,2823000.0
2019-09-30,150.65,151.37,150.55,151.0,140.07,1702000.0
2019-09-27,151.64,151.71,149.44,150.3,139.42,1940200.0
2019-09-26,151.66,151.66,150.47,151.2,140.26,1723000.0
2019-09-25,150.73,151.91,149.92,151.66,140.68,6144100.0
2019-09-24,152.6,152.81,150.2,150.71,139.8,4234600.0
2019-09-23,151.71,152.46,151.57,152.12,141.11,2051800.0
2019-09-20,153.0,153.23,151.6,152.04,141.04,2106100.0
2019-09-19,153.13,153.61,152.55,152.71,141.66,2061400.0
2019-09-18,152.65,152.84,151.35,152.81,141.75,1716700.0
2019-09-17,152.35,152.87,152.0,152.83,141.77,2104500.0
2019-09-16,152.22,152.69,152.04,152.46,141.43,1690800.0
2019-09-13,153.87,154.08,153.28,153.47,141.71,3002500.0
2019-09-12,153.63,154.13,153.05,153.62,141.85,3486800.0
2019-09-11,152.09,153.17,151.7,153.16,141.43,3848100.0
2019-09-10,151.36,151.92,150.63,151.92,140.28,3435200.0
2019-09-09,152.22,152.27,151.15,151.77,140.14,2575200.0
2019-09-06,151.81,152.06,151.4,151.68,140.06,1568700.0
2019-09-05,151.0,152.11,150.75,151.65,140.03,2991800.0
2019-09-04,149.3,149.65,148.82,149.65,138.19,2071700.0
2019-09-03,147.99,148.55,147.37,148.07,136.73,4307800.0
2019-08-30,149.88,149.89,148.44,149.04,137.62,2267900.0
2019-08-29,148.59,149.38,148.1,149.09,137.67,2576000.0
2019-08-28,145.69,147.24,145.31,147.14,135.87,1981000.0
2019-08-27,147.64,147.83,145.68,146.1,134.91,1984700.0
2019-08-26,146.53,146.88,145.66,146.78,135.54,3623000.0
2019-08-23,148.41,149.3,144.64,145.31,134.18,3808300.0
2019-08-22,149.61,149.9,148.13,149.07,137.65,1730700.0
2019-08-21,149.16,149.4,148.82,149.2,137.77,1439700.0
2019-08-20,148.81,149.03,147.9,147.95,136.62,1739000.0
2019-08-19,149.09,149.48,148.63,149.09,137.67,2875000.0
2019-08-16,146.08,147.6,146.0,147.34,136.05,3659300.0
2019-08-15,145.31,145.66,144.05,145.14,134.02,3591900.0
2019-08-14,146.95,147.2,144.78,144.87,133.77,3938800.0
2019-08-13,146.89,150.08,146.53,149.18,137.75,2721400.0
2019-08-12,148.12,148.26,146.55,147.08,135.81,2610200.0
2019-08-09,149.56,149.79,148.02,148.92,137.51,2349700.0
2019-08-08,147.98,150.02,147.7,149.99,138.5,4143200.0
2019-08-07,145.3,147.53,144.18,147.19,135.91,3195500.0
2019-08-06,146.19,147.08,145.21,147.03,135.77,3408400.0
